ID_Pengiriman,Nama_Pemasok,Kota_Asal,Jarak_KM,Moda_Transportasi,Tanggal_Pesan,Tanggal_Tiba_Rencana,Tanggal_Tiba_Aktual,Selisih_Hari,Biaya_Pengiriman_Ribu_Rupiah
SHP0001,CV Presisi Utama,Batam,801.7,Kereta,2025-04-19,2025-04-28,2025-04-28,0.0,3441.0
SHP0002,CV Komponen Presisi,Bandung,106.8,Truk,2025-11-14,2025-11-17,2025-11-17,0.0,382.0
SHP0003,PT Metal Jaya Abadi,Cikarang,20.0,Truk,2025-12-23,2025-12-26,2025-12-25,-1.0,50.0
SHP0004,CV Komponen Presisi,Bandung,116.4,Truk,2025-09-19,2025-09-22,2025-09-23,1.0,671.0
SHP0005,PT Anugerah Teknik Logam,Palembang,734.3,Kereta,2025-04-22,2025-04-30,2025-05-01,1.0,2673.0
SHP0006,PT Sumber Logam Sentosa,Semarang,439.4,Kereta,2025-04-26,2025-05-03,2025-04-29,-4.0,1765.0
SHP0007,PT Metal Jaya Abadi,Cikarang,72.3,Truk,2025-05-07,2025-05-10,2025-05-13,3.0,532.0
SHP0008,PT Anugerah Teknik Logam,Palembang,477.8,Kereta,2025-08-28,2025-09-05,,,1638.0
SHP0009,PT Metal Jaya Abadi,Cikarang,55.3,Truk,2025-12-18,2025-12-21,2025-12-22,1.0,299.0
SHP0010,CV Presisi Utama,Batam,921.7,Kereta,2025-12-15,2025-12-24,2025-12-25,1.0,4849.0
SHP0011,PT Cahaya Industri Logam,Bekasi,23.2,Truk,2025-03-25,2025-03-28,2025-03-28,0.0,86.0
SHP0012,CV Presisi Utama,Batam,1132.3,Kereta,2025-03-22,2025-04-01,2025-04-01,0.0,4425.0
SHP0013,CV Presisi Utama,Batam,926.7,Kereta,2025-09-18,2025-09-27,2025-09-24,-3.0,2657.0
SHP0014,PT Sumber Logam Sentosa,Semarang,425.1,Kereta,2025-06-01,2025-06-08,2025-06-07,-1.0,1464.0
SHP0015,CV Presisi Utama,Batam,990.4,Kereta,2025-03-23,2025-04-01,2025-03-31,-1.0,4198.0
SHP0016,PT Anugerah Teknik Logam,Palembang,559.9,Kereta,2025-10-05,2025-10-13,2025-10-13,0.0,2228.0
SHP0017,PT Sumber Logam Sentosa,Semarang,402.8,Kapal Laut,2026-01-06,2026-01-21,2026-01-22,1.0,1374.0
SHP0018,PT Sumber Logam Sentosa,Semarang,440.5,Kereta,2025-11-08,2025-11-15,2025-11-15,0.0,1588.0
SHP0019,PT Baja Nusantara,Surabaya,788.1,Kapal Laut,2025-10-13,2025-10-30,,,2433.0
SHP0020,PT Baja Nusantara,Surabaya,877.4,Kapal Laut,2025-04-24,2025-05-11,2025-05-15,4.0,2851.0
SHP0021,PT Metal Jaya Abadi,Cikarang,110.7,Truk,2025-12-24,2025-12-27,2025-12-25,-2.0,750.0
SHP0022,CV Karya Teknik Mandiri,Medan,1208.2,Kapal Laut,2025-12-11,2025-12-29,2026-01-01,3.0,2812.0
SHP0023,PT Baja Nusantara,Surabaya,980.0,Kapal Laut,2025-10-27,2025-11-13,2025-11-15,2.0,3493.0
SHP0024,CV Komponen Presisi,Bandung,132.0,Truk,2025-08-09,2025-08-12,,,838.0
SHP0025,CV Presisi Utama,Batam,749.1,Kapal Laut,2025-02-07,2025-02-23,2025-02-26,3.0,1646.0
SHP0026,PT Baja Sentra Mulia,Bandung,146.2,Truk,2025-07-09,2025-07-12,2025-07-11,-1.0,577.0
SHP0027,CV Komponen Presisi,Bandung,129.8,Truk,2025-02-24,2025-02-27,2025-02-26,-1.0,716.0
SHP0028,PT Baja Sentra Mulia,Bandung,159.6,Kereta,2025-11-26,2025-12-03,2025-12-04,1.0,462.0
SHP0029,CV Presisi Utama,Batam,887.3,Kapal Laut,2025-10-17,2025-11-03,2025-11-01,-2.0,2613.0
SHP0030,CV Karya Teknik Mandiri,Medan,1353.7,Kapal Laut,2025-05-21,2025-06-09,2025-06-16,7.0,3271.0
SHP0031,CV Karya Teknik Mandiri,Medan,1417.5,Kapal Laut,2025-08-23,2025-09-11,2025-09-16,5.0,3673.0
SHP0032,PT Cahaya Industri Logam,Bekasi,48.0,Truk,2025-12-18,2025-12-21,2025-12-20,-1.0,224.0
SHP0033,CV Karya Teknik Mandiri,Medan,1179.8,Kereta,2025-10-07,2025-10-17,2025-10-18,1.0,5955.0
SHP0034,PT Anugerah Teknik Logam,Palembang,535.2,Truk,2025-08-25,2025-08-30,2025-08-29,-1.0,2828.0
SHP0035,PT Metal Jaya Abadi,Cikarang,22.6,Truk,2025-09-07,2025-09-10,2025-09-13,3.0,114.0
SHP0036,PT Baja Nusantara,Surabaya,781.8,Kapal Laut,2025-03-13,2025-03-30,2025-03-31,1.0,2509.0
SHP0037,CV Karya Teknik Mandiri,Medan,1380.9,Kereta,2025-03-25,2025-04-05,2025-04-07,2.0,5754.0
SHP0038,PT Baja Nusantara,Surabaya,937.2,Kapal Laut,2025-08-25,2025-09-11,2025-09-10,-1.0,3022.0
SHP0039,PT Global Komponen Indo,Makassar,1814.6,Kapal Laut,2025-10-10,2025-10-30,,,6546.0
SHP0040,PT Metal Jaya Abadi,Cikarang,75.8,Truk,2025-12-25,2025-12-28,2025-12-28,0.0,447.0
SHP0041,CV Karya Teknik Mandiri,Medan,1260.4,Kapal Laut,2025-10-21,2025-11-08,2025-11-21,13.0,3194.0
SHP0042,PT Sumber Logam Sentosa,Semarang,440.8,Truk,2026-01-17,2026-01-21,2026-01-22,1.0,2239.0
SHP0043,CV Karya Teknik Mandiri,Medan,1996.1,Kereta,2025-08-03,2025-08-16,2025-08-21,5.0,6397.0
SHP0044,PT Baja Sentra Mulia,Bandung,151.9,Truk,2025-11-06,2025-11-10,2025-11-09,-1.0,548.0
SHP0045,CV Presisi Utama,Batam,876.5,Kapal Laut,2025-11-12,2025-11-29,2025-11-29,0.0,2740.0
SHP0046,PT Cahaya Industri Logam,Bekasi,55.8,Truk,2026-01-06,2026-01-09,2026-01-09,0.0,141.0
SHP0047,CV Komponen Presisi,Bandung,149.9,Truk,2025-03-28,2025-03-31,2025-03-31,0.0,923.0
SHP0048,CV Komponen Presisi,Bandung,46.5,Truk,2025-08-24,2025-08-27,2025-08-30,3.0,230.0
SHP0049,CV Komponen Presisi,Bandung,133.1,Truk,2026-01-31,2026-02-03,2026-02-02,-1.0,862.0
SHP0050,PT Anugerah Teknik Logam,Palembang,726.8,Kereta,2025-02-02,2025-02-10,2025-02-10,0.0,2462.0
SHP0051,PT Global Komponen Indo,Makassar,1425.7,Kapal Laut,2025-02-23,2025-03-14,2025-03-17,3.0,4885.0
SHP0052,CV Presisi Utama,Batam,1102.6,Kapal Laut,2025-07-10,2025-07-28,2025-07-25,-3.0,2333.0
SHP0053,PT Baja Nusantara,Surabaya,652.8,Truk,2025-02-28,2025-03-05,2025-03-04,-1.0,3896.0
SHP0054,CV Komponen Presisi,Bandung,115.4,Truk,2025-03-25,2025-03-28,2025-03-28,0.0,358.0
SHP0055,CV Komponen Presisi,Bandung,68.4,Truk,2025-09-26,2025-09-29,2025-09-29,0.0,299.0
SHP0056,PT Baja Nusantara,Surabaya,948.0,Kapal Laut,2025-03-29,2025-04-15,2025-04-21,6.0,3140.0
SHP0057,PT Metal Jaya Abadi,Cikarang,81.5,Truk,2025-06-23,2025-06-26,2025-06-28,2.0,414.0
SHP0058,PT Global Komponen Indo,Makassar,1755.7,Kapal Laut,2025-02-11,2025-03-03,2025-03-07,4.0,6075.0
SHP0059,PT Baja Sentra Mulia,Bandung,158.5,Kereta,2025-09-28,2025-10-05,2025-10-07,2.0,516.0
SHP0060,CV Presisi Utama,Batam,1004.3,Kereta,2025-05-03,2025-05-12,2025-05-15,3.0,3341.0
SHP0061,PT Baja Sentra Mulia,Bandung,138.4,Truk,2025-05-20,2025-05-23,2025-05-24,1.0,416.0
SHP0062,CV Karya Teknik Mandiri,Medan,1493.0,Kapal Laut,2025-06-15,2025-07-04,2025-07-10,6.0,5577.0
SHP0063,PT Global Komponen Indo,Makassar,1855.5,Kereta,2025-06-20,2025-07-02,2025-07-03,1.0,6537.0
SHP0064,PT Sumber Logam Sentosa,Semarang,363.0,Kapal Laut,2025-12-26,2026-01-10,2026-01-16,6.0,686.0
SHP0065,CV Presisi Utama,Batam,949.9,Kereta,2025-07-21,2025-07-30,2025-08-01,2.0,3044.0
SHP0066,CV Komponen Presisi,Bandung,167.0,Truk,2025-02-14,2025-02-18,2025-02-18,0.0,880.0
SHP0067,PT Sumber Logam Sentosa,Semarang,475.1,Truk,2025-07-03,2025-07-08,2025-07-06,-2.0,2630.0
SHP0068,PT Metal Jaya Abadi,Cikarang,74.3,Truk,2025-06-16,2025-06-19,2025-06-21,2.0,379.0
SHP0069,PT Metal Jaya Abadi,Cikarang,79.7,Truk,2025-08-21,2025-08-24,2025-08-24,0.0,456.0
SHP0070,PT Cahaya Industri Logam,Bekasi,81.7,Truk,2025-07-28,2025-07-31,2025-08-01,1.0,331.0
SHP0071,PT Baja Nusantara,Surabaya,907.5,Kapal Laut,2026-01-11,2026-01-28,2026-02-03,6.0,2381.0
SHP0072,PT Sumber Logam Sentosa,Semarang,457.6,Kapal Laut,2025-08-11,2025-08-27,2025-09-03,7.0,1500.0
SHP0073,PT Cahaya Industri Logam,Bekasi,58.5,Truk,2025-06-15,2025-06-18,2025-06-19,1.0,243.0
SHP0074,PT Cahaya Industri Logam,Bekasi,52.9,Truk,2025-11-01,2025-11-04,2025-11-03,-1.0,460.0
SHP0075,PT Baja Nusantara,Surabaya,689.6,Truk,2026-01-23,2026-01-28,2026-01-29,1.0,3906.0
SHP0076,CV Karya Teknik Mandiri,Medan,1394.7,Kapal Laut,2025-07-08,2025-07-27,2025-08-03,7.0,2803.0
SHP0077,PT Baja Nusantara,Surabaya,1018.6,Kapal Laut,2025-09-20,2025-10-07,2025-10-09,2.0,3807.0
SHP0078,PT Cahaya Industri Logam,Bekasi,51.8,Truk,2025-07-08,2025-07-11,2025-07-13,2.0,158.0
SHP0079,PT Sumber Logam Sentosa,Semarang,419.8,Truk,2025-02-16,2025-02-20,2025-02-20,0.0,2366.0
SHP0080,CV Presisi Utama,Batam,1132.6,Kereta,2026-01-04,2026-01-14,2026-01-17,3.0,3304.0
SHP0081,PT Metal Jaya Abadi,Cikarang,80.3,Truk,2025-12-06,2025-12-09,2025-12-09,0.0,228.0
SHP0082,CV Karya Teknik Mandiri,Medan,1597.2,Kapal Laut,2025-07-21,2025-08-09,2025-08-12,3.0,4097.0
SHP0083,CV Presisi Utama,Batam,1078.5,Kapal Laut,2025-04-12,2025-04-30,2025-05-09,9.0,2078.0
SHP0084,CV Karya Teknik Mandiri,Medan,1459.9,Kapal Laut,2026-01-21,2026-02-09,2026-02-10,1.0,3990.0
SHP0085,CV Karya Teknik Mandiri,Medan,1292.1,Kapal Laut,2025-05-29,2025-06-16,2025-06-17,1.0,2897.0
SHP0086,PT Anugerah Teknik Logam,Palembang,640.2,Kereta,2025-07-29,2025-08-06,2025-08-08,2.0,1913.0
SHP0087,PT Baja Sentra Mulia,Bandung,84.3,Truk,2025-05-28,2025-05-31,2025-06-01,1.0,387.0
SHP0088,PT Anugerah Teknik Logam,Palembang,664.8,Kereta,2025-04-10,2025-04-18,,,2355.0
SHP0089,CV Presisi Utama,Batam,918.6,Kereta,2025-03-17,2025-03-26,2025-03-29,3.0,3719.0
SHP0090,PT Cahaya Industri Logam,Bekasi,56.9,Truk,2025-09-19,2025-09-22,2025-09-22,0.0,141.0
SHP0091,PT Anugerah Teknik Logam,Palembang,727.2,Kapal Laut,2025-04-13,2025-04-29,2025-05-01,2.0,2095.0
SHP0092,PT Global Komponen Indo,Makassar,1369.6,Kapal Laut,2025-10-19,2025-11-07,2025-11-02,-5.0,4537.0
SHP0093,PT Metal Jaya Abadi,Cikarang,49.9,Truk,2025-09-25,2025-09-28,2025-09-28,0.0,253.0
SHP0094,PT Anugerah Teknik Logam,Palembang,495.1,Kereta,2025-08-23,2025-08-31,2025-08-30,-1.0,1840.0
SHP0095,PT Anugerah Teknik Logam,Palembang,542.5,Kereta,2025-02-19,2025-02-27,2025-03-01,2.0,1434.0
SHP0096,PT Cahaya Industri Logam,Bekasi,20.0,Truk,2025-02-14,2025-02-17,2025-02-18,1.0,120.0
SHP0097,PT Anugerah Teknik Logam,Palembang,552.5,Truk,2025-04-22,2025-04-27,2025-04-28,1.0,2237.0
SHP0098,PT Metal Jaya Abadi,Cikarang,50.5,Truk,2025-06-22,2025-06-25,2025-06-26,1.0,163.0
SHP0099,PT Baja Nusantara,Surabaya,831.7,Kapal Laut,2025-03-09,2025-03-26,2025-03-26,0.0,3080.0
SHP0100,CV Presisi Utama,Batam,1081.4,Kereta,2025-08-09,2025-08-19,2025-08-19,0.0,5450.0
SHP0101,PT Baja Nusantara,Surabaya,926.3,Kereta,2025-07-28,2025-08-06,2025-08-06,0.0,4071.0
SHP0102,PT Sumber Logam Sentosa,Semarang,539.4,Kapal Laut,2026-01-13,2026-01-29,2026-01-31,2.0,1245.0
SHP0103,PT Baja Nusantara,Surabaya,765.2,Kapal Laut,2025-09-12,2025-09-29,2025-10-03,4.0,2523.0
SHP0104,PT Sumber Logam Sentosa,Semarang,379.3,Truk,2025-08-17,2025-08-21,2025-08-22,1.0,2612.0
SHP0105,PT Baja Sentra Mulia,Bandung,191.7,Truk,2025-07-06,2025-07-10,2025-07-11,1.0,1292.0
SHP0106,PT Baja Sentra Mulia,Bandung,142.2,Truk,2025-12-12,2025-12-15,2025-12-14,-1.0,609.0
SHP0107,PT Cahaya Industri Logam,Bekasi,43.3,Truk,2025-03-05,2025-03-08,2025-03-09,1.0,153.0
SHP0108,PT Anugerah Teknik Logam,Palembang,750.8,Kapal Laut,2025-11-17,2025-12-04,2025-12-04,0.0,1863.0
SHP0109,PT Sumber Logam Sentosa,Semarang,364.0,Kereta,2025-03-23,2025-03-30,2025-04-03,4.0,1575.0
SHP0110,CV Presisi Utama,Batam,1112.3,Kapal Laut,2025-03-03,2025-03-21,2025-03-26,5.0,4191.0
SHP0111,PT Metal Jaya Abadi,Cikarang,80.0,Truk,2025-06-12,2025-06-15,2025-06-15,0.0,357.0
SHP0112,PT Sumber Logam Sentosa,Semarang,576.6,Kapal Laut,2025-07-21,2025-08-06,2025-08-09,3.0,2152.0
SHP0113,CV Karya Teknik Mandiri,Medan,990.7,Kereta,2025-04-12,2025-04-21,2025-04-25,4.0,3458.0
SHP0114,PT Baja Nusantara,Surabaya,977.8,Kereta,2025-12-03,2025-12-12,2025-12-12,0.0,3338.0
SHP0115,PT Global Komponen Indo,Makassar,1950.5,Kapal Laut,2025-03-16,2025-04-06,2025-04-13,7.0,5647.0
SHP0116,PT Baja Sentra Mulia,Bandung,169.9,Truk,2025-05-25,2025-05-29,2025-05-30,1.0,1094.0
SHP0117,PT Global Komponen Indo,Makassar,1605.1,Kapal Laut,2025-05-09,2025-05-28,2025-06-02,5.0,3356.0
SHP0118,PT Global Komponen Indo,Makassar,1551.5,Kapal Laut,2025-11-14,2025-12-03,2025-12-09,6.0,5807.0
SHP0119,CV Komponen Presisi,Bandung,148.3,Truk,2025-11-06,2025-11-09,2025-11-11,2.0,1094.0
SHP0120,PT Metal Jaya Abadi,Cikarang,80.8,Kereta,2025-08-25,2025-08-31,2025-08-31,0.0,121.0
SHP0121,PT Metal Jaya Abadi,Cikarang,84.0,Truk,2025-04-20,2025-04-23,2025-04-21,-2.0,754.0
SHP0122,PT Baja Nusantara,Surabaya,714.3,Kapal Laut,2025-04-12,2025-04-28,2025-04-26,-2.0,2414.0
SHP0123,PT Metal Jaya Abadi,Cikarang,46.8,Truk,2025-03-28,2025-03-31,2025-04-02,2.0,412.0
SHP0124,PT Cahaya Industri Logam,Bekasi,20.0,Truk,2025-02-03,2025-02-06,2025-02-06,0.0,109.0
SHP0125,PT Global Komponen Indo,Makassar,1675.6,Kapal Laut,2025-08-02,2025-08-22,2025-08-22,0.0,5694.0
SHP0126,CV Komponen Presisi,Bandung,132.2,Truk,2025-12-29,2026-01-01,2026-01-02,1.0,660.0
SHP0127,PT Cahaya Industri Logam,Bekasi,53.8,Truk,2025-06-06,2025-06-09,2025-06-08,-1.0,330.0
SHP0128,PT Global Komponen Indo,Makassar,1305.8,Kapal Laut,2025-07-19,2025-08-06,2025-08-03,-3.0,3330.0
SHP0129,PT Baja Sentra Mulia,Bandung,77.8,Truk,2025-08-30,2025-09-02,2025-09-01,-1.0,350.0
SHP0130,CV Presisi Utama,Batam,1014.2,Kereta,2025-04-20,2025-04-29,2025-05-02,3.0,3661.0
SHP0131,PT Metal Jaya Abadi,Cikarang,71.2,Kereta,2025-05-07,2025-05-13,2025-05-16,3.0,361.0
SHP0132,CV Karya Teknik Mandiri,Medan,1462.9,Kapal Laut,2025-03-20,2025-04-08,2025-04-10,2.0,3581.0
SHP0133,PT Global Komponen Indo,Makassar,1464.5,Kapal Laut,2025-02-23,2025-03-14,2025-03-17,3.0,4758.0
SHP0134,CV Komponen Presisi,Bandung,195.4,Truk,2025-03-03,2025-03-07,2025-03-08,1.0,1082.0
SHP0135,CV Presisi Utama,Batam,993.6,Kapal Laut,2025-12-08,2025-12-25,,,2177.0
SHP0136,PT Cahaya Industri Logam,Bekasi,26.3,Truk,2025-02-12,2025-02-15,2025-02-15,0.0,50.0
SHP0137,PT Global Komponen Indo,Makassar,1142.3,Kapal Laut,2025-07-01,2025-07-19,2025-07-21,2.0,2144.0
SHP0138,PT Anugerah Teknik Logam,Palembang,596.6,Truk,2025-11-23,2025-11-28,2025-11-29,1.0,2611.0
SHP0139,CV Presisi Utama,Batam,916.0,Kapal Laut,2025-05-29,2025-06-15,2025-06-25,10.0,1855.0
SHP0140,CV Komponen Presisi,Bandung,132.6,Kereta,2025-09-16,2025-09-22,2025-09-22,0.0,718.0
SHP0141,CV Presisi Utama,Batam,753.9,Kapal Laut,2025-11-05,2025-11-22,2025-11-26,4.0,2864.0
SHP0142,CV Karya Teknik Mandiri,Medan,1637.0,Kapal Laut,2025-09-26,2025-10-15,2025-10-23,8.0,5491.0
SHP0143,CV Karya Teknik Mandiri,Medan,1221.0,Kapal Laut,2025-07-22,2025-08-09,2025-08-12,3.0,3843.0
SHP0144,PT Baja Nusantara,Surabaya,866.7,Kapal Laut,2025-04-26,2025-05-13,2025-05-21,8.0,2751.0
SHP0145,PT Cahaya Industri Logam,Bekasi,43.3,Truk,2025-04-30,2025-05-03,2025-05-03,0.0,316.0
SHP0146,CV Karya Teknik Mandiri,Medan,1402.6,Kapal Laut,2026-01-22,2026-02-10,2026-02-05,-5.0,3624.0
SHP0147,PT Baja Sentra Mulia,Bandung,74.6,Truk,2025-08-29,2025-09-01,2025-09-01,0.0,363.0
SHP0148,CV Karya Teknik Mandiri,Medan,1559.9,Kapal Laut,2025-10-27,2025-11-15,2025-11-18,3.0,4652.0
SHP0149,PT Anugerah Teknik Logam,Palembang,506.6,Kereta,2025-08-08,2025-08-16,2025-08-17,1.0,2357.0
SHP0150,PT Cahaya Industri Logam,Bekasi,40.9,Truk,2025-07-13,2025-07-16,,,262.0
SHP0151,CV Presisi Utama,Batam,1077.2,Kapal Laut,2025-06-01,2025-06-19,2025-06-18,-1.0,3043.0
SHP0152,PT Anugerah Teknik Logam,Palembang,673.1,Truk,2025-12-04,2025-12-09,2025-12-08,-1.0,3329.0
SHP0153,PT Cahaya Industri Logam,Bekasi,61.7,Truk,2025-12-23,2025-12-26,2025-12-26,0.0,382.0
SHP0154,PT Sumber Logam Sentosa,Semarang,432.4,Kereta,2025-04-24,2025-05-01,2025-05-01,0.0,1157.0
SHP0155,PT Cahaya Industri Logam,Bekasi,60.7,Kereta,2026-01-23,2026-01-29,2026-01-27,-2.0,317.0
SHP0156,PT Baja Sentra Mulia,Bandung,104.1,Truk,2025-10-28,2025-10-31,2025-11-01,1.0,598.0
SHP0157,CV Karya Teknik Mandiri,Medan,1199.6,Kereta,2025-11-20,2025-11-30,2025-12-02,2.0,4797.0
SHP0158,PT Baja Sentra Mulia,Bandung,80.3,Truk,2025-07-11,2025-07-14,2025-07-12,-2.0,268.0
SHP0159,CV Komponen Presisi,Bandung,146.7,Truk,2025-12-27,2025-12-30,2025-12-30,0.0,498.0
SHP0160,PT Global Komponen Indo,Makassar,1456.1,Kapal Laut,2025-07-19,2025-08-07,2025-08-12,5.0,4755.0
SHP0161,PT Sumber Logam Sentosa,Semarang,337.4,Kereta,2025-02-10,2025-02-17,2025-02-19,2.0,1517.0
SHP0162,PT Cahaya Industri Logam,Bekasi,60.1,Truk,2025-03-04,2025-03-07,2025-03-06,-1.0,180.0
SHP0163,PT Sumber Logam Sentosa,Semarang,501.4,Kereta,2025-03-21,2025-03-29,2025-03-28,-1.0,1938.0
SHP0164,CV Presisi Utama,Batam,949.4,Kereta,2025-03-23,2025-04-01,2025-04-03,2.0,3188.0
SHP0165,CV Karya Teknik Mandiri,Medan,1387.5,Kapal Laut,2025-02-03,2025-02-22,2025-02-19,-3.0,5341.0
SHP0166,PT Global Komponen Indo,Makassar,1637.6,Kapal Laut,2025-10-04,2025-10-23,2025-10-31,8.0,5790.0
SHP0167,CV Presisi Utama,Batam,870.5,Kapal Laut,2025-05-22,2025-06-08,2025-06-10,2.0,1517.0
SHP0168,PT Sumber Logam Sentosa,Semarang,504.1,Kapal Laut,2025-12-01,2025-12-17,2025-12-17,0.0,1697.0
SHP0169,PT Global Komponen Indo,Makassar,1560.2,Kapal Laut,2025-10-10,2025-10-29,2025-11-03,5.0,4327.0
SHP0170,PT Baja Nusantara,Surabaya,883.7,Kapal Laut,2025-03-20,2025-04-06,2025-04-08,2.0,3264.0
SHP0171,PT Baja Sentra Mulia,Bandung,145.0,Truk,2025-07-10,2025-07-13,2025-07-15,2.0,782.0
SHP0172,CV Komponen Presisi,Bandung,167.4,Truk,2025-06-10,2025-06-14,2025-06-18,4.0,595.0
SHP0173,CV Karya Teknik Mandiri,Medan,1267.4,Kereta,2025-11-24,2025-12-04,2025-12-06,2.0,5033.0
SHP0174,PT Global Komponen Indo,Makassar,1753.9,Kereta,2026-01-17,2026-01-29,2026-01-30,1.0,8085.0
SHP0175,PT Cahaya Industri Logam,Bekasi,32.4,Truk,2025-05-13,2025-05-16,2025-05-14,-2.0,139.0
SHP0176,PT Sumber Logam Sentosa,Semarang,495.0,Kereta,2025-04-14,2025-04-22,2025-04-23,1.0,1759.0
SHP0177,CV Komponen Presisi,Bandung,74.2,Kereta,2025-12-10,2025-12-16,,,221.0
SHP0178,PT Baja Nusantara,Surabaya,635.7,Kereta,2026-01-14,2026-01-22,2026-01-21,-1.0,2660.0
SHP0179,PT Baja Sentra Mulia,Bandung,117.9,Kereta,2026-01-06,2026-01-12,2026-01-16,4.0,315.0
SHP0180,PT Global Komponen Indo,Makassar,1616.0,Kapal Laut,2025-09-06,2025-09-25,2025-09-30,5.0,5145.0
SHP0181,PT Baja Sentra Mulia,Bandung,153.7,Truk,2025-05-29,2025-06-02,2025-06-04,2.0,703.0
SHP0182,CV Presisi Utama,Batam,1152.7,Kapal Laut,2025-08-27,2025-09-14,2025-09-16,2.0,3139.0
SHP0183,CV Karya Teknik Mandiri,Medan,1421.1,Kapal Laut,2025-10-18,2025-11-06,2025-11-12,6.0,5125.0
SHP0184,PT Anugerah Teknik Logam,Palembang,501.2,Kapal Laut,2025-07-02,2025-07-18,2025-07-12,-6.0,1867.0
SHP0185,CV Presisi Utama,Batam,953.0,Kapal Laut,2025-06-19,2025-07-06,2025-07-11,5.0,2649.0
SHP0186,PT Cahaya Industri Logam,Bekasi,44.5,Truk,2025-06-06,2025-06-09,2025-06-09,0.0,194.0
SHP0187,PT Sumber Logam Sentosa,Semarang,397.0,Kereta,2025-09-09,2025-09-16,2025-09-22,6.0,1755.0
SHP0188,PT Sumber Logam Sentosa,Semarang,640.8,Truk,2026-01-14,2026-01-19,2026-01-18,-1.0,4366.0
SHP0189,PT Baja Sentra Mulia,Bandung,114.6,Truk,2025-05-08,2025-05-11,2025-05-09,-2.0,352.0
SHP0190,PT Anugerah Teknik Logam,Palembang,536.0,Truk,2025-07-15,2025-07-20,2025-07-20,0.0,1994.0
SHP0191,CV Komponen Presisi,Bandung,84.6,Truk,2025-04-12,2025-04-15,2025-04-15,0.0,634.0
SHP0192,PT Metal Jaya Abadi,Cikarang,90.5,Truk,2025-12-28,2025-12-31,2026-01-01,1.0,431.0
SHP0193,PT Baja Nusantara,Surabaya,724.1,Kereta,2025-05-12,2025-05-20,2025-05-17,-3.0,2597.0
SHP0194,PT Global Komponen Indo,Makassar,1489.9,Kapal Laut,2025-08-18,2025-09-06,2025-09-05,-1.0,4029.0
SHP0195,PT Baja Nusantara,Surabaya,726.9,Kapal Laut,2025-12-19,2026-01-04,2025-12-31,-4.0,1852.0
SHP0196,CV Karya Teknik Mandiri,Medan,1316.1,Kapal Laut,2025-10-12,2025-10-30,2025-11-04,5.0,4288.0
SHP0197,PT Metal Jaya Abadi,Cikarang,47.3,Kereta,2025-10-09,2025-10-15,2025-10-18,3.0,243.0
SHP0198,PT Baja Sentra Mulia,Bandung,137.9,Truk,2025-12-12,2025-12-15,,,848.0
SHP0199,PT Cahaya Industri Logam,Bekasi,48.7,Truk,2025-05-04,2025-05-07,2025-05-08,1.0,367.0
SHP0200,CV Presisi Utama,Batam,1061.1,Kapal Laut,2025-03-18,2025-04-05,2025-04-07,2.0,2392.0
SHP0201,PT Baja Nusantara,Surabaya,649.8,Truk,2025-05-01,2025-05-06,2025-05-08,2.0,2773.0
SHP0202,PT Baja Nusantara,Surabaya,699.8,Truk,2025-12-22,2025-12-27,,,3011.0
SHP0203,PT Global Komponen Indo,Makassar,1918.9,Kereta,2025-11-15,2025-11-27,2025-11-26,-1.0,6766.0
SHP0204,PT Baja Nusantara,Surabaya,566.2,Kapal Laut,2025-12-01,2025-12-17,2025-12-18,1.0,2099.0
SHP0205,PT Anugerah Teknik Logam,Palembang,375.3,Kereta,2025-05-04,2025-05-11,2025-05-11,0.0,1628.0
SHP0206,CV Karya Teknik Mandiri,Medan,1519.2,Kereta,2025-07-17,2025-07-28,2025-07-31,3.0,7054.0
SHP0207,PT Global Komponen Indo,Makassar,1548.9,Kapal Laut,2026-01-11,2026-01-30,2026-02-05,6.0,5126.0
SHP0208,PT Metal Jaya Abadi,Cikarang,43.6,Truk,2025-05-29,2025-06-01,2025-06-02,1.0,293.0
SHP0209,CV Komponen Presisi,Bandung,129.3,Truk,2025-11-19,2025-11-22,2025-11-22,0.0,611.0
SHP0210,CV Presisi Utama,Batam,688.1,Kereta,2025-06-07,2025-06-15,2025-06-16,1.0,2594.0
SHP0211,PT Cahaya Industri Logam,Bekasi,42.2,Truk,2025-11-09,2025-11-12,2025-11-13,1.0,149.0
SHP0212,CV Komponen Presisi,Bandung,75.6,Truk,2025-08-27,2025-08-30,2025-08-29,-1.0,488.0
SHP0213,CV Komponen Presisi,Bandung,145.1,Truk,2026-01-01,2026-01-04,2026-01-02,-2.0,869.0
SHP0214,CV Karya Teknik Mandiri,Medan,1211.8,Kapal Laut,2025-08-30,2025-09-17,2025-09-17,0.0,3706.0
SHP0215,PT Anugerah Teknik Logam,Palembang,618.3,Truk,2025-06-22,2025-06-27,2025-06-28,1.0,2251.0
SHP0216,PT Baja Sentra Mulia,Bandung,80.7,Truk,2025-10-27,2025-10-30,2025-11-02,3.0,638.0
SHP0217,CV Karya Teknik Mandiri,Medan,1593.1,Kapal Laut,2025-10-29,2025-11-17,2025-11-20,3.0,5696.0
SHP0218,PT Metal Jaya Abadi,Cikarang,41.3,Truk,2025-09-23,2025-09-26,2025-09-26,0.0,104.0
SHP0219,CV Presisi Utama,Batam,872.0,Kereta,2025-11-27,2025-12-06,2025-12-09,3.0,3805.0
SHP0220,CV Presisi Utama,Batam,929.4,Kapal Laut,2026-01-24,2026-02-10,2026-02-12,2.0,2244.0
SHP0221,PT Cahaya Industri Logam,Bekasi,64.5,Truk,2025-07-08,2025-07-11,2025-07-13,2.0,345.0
SHP0222,PT Baja Sentra Mulia,Bandung,132.7,Kereta,2025-10-29,2025-11-04,2025-11-04,0.0,688.0
SHP0223,CV Karya Teknik Mandiri,Medan,1382.1,Kapal Laut,2025-02-01,2025-02-20,2025-02-23,3.0,4226.0
SHP0224,CV Komponen Presisi,Bandung,170.4,Truk,2025-04-15,2025-04-19,2025-04-19,0.0,781.0
SHP0225,CV Presisi Utama,Batam,950.2,Kapal Laut,2025-08-30,2025-09-16,2025-09-12,-4.0,3206.0
SHP0226,CV Komponen Presisi,Bandung,75.1,Truk,2025-11-30,2025-12-03,2025-12-02,-1.0,369.0
SHP0227,PT Anugerah Teknik Logam,Palembang,699.2,Kereta,2025-08-13,2025-08-21,2025-08-24,3.0,3217.0
SHP0228,PT Anugerah Teknik Logam,Palembang,594.1,Kapal Laut,2025-09-19,2025-10-05,,,1696.0
SHP0229,CV Komponen Presisi,Bandung,128.5,Truk,2025-05-25,2025-05-28,2025-05-30,2.0,780.0
SHP0230,CV Presisi Utama,Batam,952.6,Kapal Laut,2025-10-13,2025-10-30,2025-11-08,9.0,3236.0
SHP0231,CV Karya Teknik Mandiri,Medan,1712.2,Kereta,2025-10-19,2025-10-31,2025-11-01,1.0,8296.0
SHP0232,PT Baja Sentra Mulia,Bandung,128.1,Truk,2025-12-02,2025-12-05,2025-12-06,1.0,667.0
SHP0233,PT Anugerah Teknik Logam,Palembang,606.9,Kereta,2025-06-04,2025-06-12,,,1671.0
SHP0234,PT Sumber Logam Sentosa,Semarang,466.4,Truk,2025-04-10,2025-04-15,2025-04-15,0.0,3012.0
SHP0235,PT Sumber Logam Sentosa,Semarang,347.1,Kereta,2026-01-05,2026-01-12,2026-01-14,2.0,1243.0
SHP0236,CV Karya Teknik Mandiri,Medan,1430.5,Kapal Laut,2025-05-15,2025-06-03,2025-06-08,5.0,4988.0
SHP0237,CV Karya Teknik Mandiri,Medan,1255.8,Kapal Laut,2025-10-22,2025-11-09,2025-11-10,1.0,3754.0
SHP0238,CV Presisi Utama,Batam,978.3,Kereta,2025-11-06,2025-11-15,2025-11-14,-1.0,2999.0
SHP0239,PT Cahaya Industri Logam,Bekasi,58.3,Truk,2025-08-27,2025-08-30,2025-08-31,1.0,228.0
SHP0240,PT Metal Jaya Abadi,Cikarang,79.4,Truk,2025-09-22,2025-09-25,2025-09-26,1.0,238.0
SHP0241,PT Anugerah Teknik Logam,Palembang,634.0,Kereta,2026-01-27,2026-02-04,2026-02-04,0.0,2815.0
SHP0242,PT Cahaya Industri Logam,Bekasi,23.8,Truk,2025-09-03,2025-09-06,2025-09-06,0.0,113.0
SHP0243,CV Presisi Utama,Batam,1017.6,Kapal Laut,2025-02-26,2025-03-15,2025-03-24,9.0,2098.0
SHP0244,PT Cahaya Industri Logam,Bekasi,47.2,Truk,2025-04-14,2025-04-17,2025-04-19,2.0,259.0
SHP0245,CV Presisi Utama,Batam,997.5,Kapal Laut,2025-09-08,2025-09-25,2025-09-26,1.0,3627.0
SHP0246,PT Global Komponen Indo,Makassar,1695.6,Kapal Laut,2025-12-23,2026-01-12,2026-01-13,1.0,3687.0
SHP0247,PT Metal Jaya Abadi,Cikarang,43.8,Kereta,2025-10-31,2025-11-06,2025-11-07,1.0,176.0
SHP0248,CV Karya Teknik Mandiri,Medan,1585.7,Kapal Laut,2025-03-27,2025-04-15,2025-04-19,4.0,4705.0
SHP0249,PT Baja Nusantara,Surabaya,685.9,Truk,2025-06-28,2025-07-03,2025-07-03,0.0,3021.0
SHP0250,PT Baja Nusantara,Surabaya,797.8,Kereta,2025-12-21,2025-12-30,2025-12-28,-2.0,3446.0
SHP0251,PT Baja Sentra Mulia,Bandung,134.9,Truk,2025-06-11,2025-06-14,2025-06-16,2.0,697.0
SHP0252,CV Karya Teknik Mandiri,Medan,1411.5,Kapal Laut,2025-05-07,2025-05-26,2025-05-27,1.0,4862.0
SHP0253,PT Metal Jaya Abadi,Cikarang,56.9,Truk,2025-10-30,2025-11-02,2025-11-01,-1.0,347.0
SHP0254,PT Metal Jaya Abadi,Cikarang,21.9,Truk,2025-04-07,2025-04-10,2025-04-10,0.0,50.0
SHP0255,PT Sumber Logam Sentosa,Semarang,312.4,Kapal Laut,2025-05-28,2025-06-12,2025-06-17,5.0,822.0
SHP0256,PT Metal Jaya Abadi,Cikarang,58.4,Truk,2025-07-18,2025-07-21,2025-07-19,-2.0,116.0
SHP0257,CV Karya Teknik Mandiri,Medan,1115.6,Kapal Laut,2025-12-31,2026-01-18,2026-01-23,5.0,3573.0
SHP0258,CV Karya Teknik Mandiri,Medan,1339.6,Kapal Laut,2025-04-18,2025-05-06,2025-05-10,4.0,2589.0
SHP0259,CV Komponen Presisi,Bandung,177.8,Truk,2026-01-01,2026-01-05,2026-01-05,0.0,1100.0
SHP0260,PT Global Komponen Indo,Makassar,1550.1,Kapal Laut,2025-05-24,2025-06-12,2025-06-17,5.0,3721.0
SHP0261,PT Metal Jaya Abadi,Cikarang,64.0,Truk,2025-12-20,2025-12-23,,,368.0
SHP0262,CV Presisi Utama,Batam,829.5,Kapal Laut,2025-09-21,2025-10-08,,,2444.0
SHP0263,PT Baja Sentra Mulia,Bandung,119.1,Kereta,2025-10-05,2025-10-11,2025-10-14,3.0,353.0
SHP0264,PT Anugerah Teknik Logam,Palembang,653.1,Truk,2025-07-07,2025-07-12,2025-07-14,2.0,4379.0
SHP0265,PT Global Komponen Indo,Makassar,1397.4,Kereta,2025-02-20,2025-03-03,2025-03-02,-1.0,6206.0
SHP0266,PT Sumber Logam Sentosa,Semarang,403.0,Kereta,2025-12-24,2025-12-31,,,1896.0
SHP0267,PT Anugerah Teknik Logam,Palembang,676.1,Kapal Laut,2025-11-14,2025-11-30,2025-12-11,11.0,1531.0
SHP0268,PT Global Komponen Indo,Makassar,1722.8,Kapal Laut,2025-07-14,2025-08-03,2025-08-06,3.0,3655.0
SHP0269,PT Metal Jaya Abadi,Cikarang,55.7,Truk,2025-06-24,2025-06-27,2025-06-26,-1.0,245.0
SHP0270,PT Global Komponen Indo,Makassar,1241.0,Kereta,2025-05-09,2025-05-19,2025-05-17,-2.0,4200.0
SHP0271,PT Cahaya Industri Logam,Bekasi,40.4,Truk,2025-02-03,2025-02-06,2025-02-07,1.0,110.0
SHP0272,PT Baja Nusantara,Surabaya,785.1,Kapal Laut,2025-10-30,2025-11-16,2025-11-17,1.0,2050.0
SHP0273,PT Metal Jaya Abadi,Cikarang,42.5,Truk,2025-05-10,2025-05-13,2025-05-13,0.0,339.0
SHP0274,PT Anugerah Teknik Logam,Palembang,754.5,Kapal Laut,2025-07-12,2025-07-29,2025-08-04,6.0,2110.0
SHP0275,CV Komponen Presisi,Bandung,86.7,Truk,2025-05-20,2025-05-23,,,610.0
SHP0276,PT Metal Jaya Abadi,Cikarang,71.9,Truk,2025-09-09,2025-09-12,2025-09-13,1.0,294.0
SHP0277,CV Karya Teknik Mandiri,Medan,1765.8,Kapal Laut,2025-09-17,2025-10-07,2025-10-04,-3.0,5666.0
SHP0278,PT Cahaya Industri Logam,Bekasi,50.2,Truk,2025-04-22,2025-04-25,,,278.0
SHP0279,CV Karya Teknik Mandiri,Medan,1404.5,Kereta,2026-01-30,2026-02-10,2026-02-12,2.0,3804.0
SHP0280,PT Global Komponen Indo,Makassar,1871.1,Kapal Laut,2025-10-24,2025-11-13,2025-11-18,5.0,6908.0
SHP0281,PT Sumber Logam Sentosa,Semarang,448.4,Kereta,2025-12-01,2025-12-08,2025-12-06,-2.0,2295.0
SHP0282,CV Karya Teknik Mandiri,Medan,1404.0,Kapal Laut,2025-03-19,2025-04-07,2025-04-05,-2.0,3694.0
SHP0283,PT Cahaya Industri Logam,Bekasi,30.3,Kereta,2025-10-05,2025-10-11,2025-10-12,1.0,50.0
SHP0284,PT Sumber Logam Sentosa,Semarang,483.0,Kapal Laut,2025-11-12,2025-11-28,2025-11-30,2.0,1525.0
SHP0285,PT Baja Sentra Mulia,Bandung,164.0,Truk,2025-03-27,2025-03-31,2025-03-31,0.0,898.0
SHP0286,PT Metal Jaya Abadi,Cikarang,59.8,Truk,2025-04-01,2025-04-04,2025-04-04,0.0,213.0
SHP0287,PT Cahaya Industri Logam,Bekasi,64.9,Truk,2025-12-17,2025-12-20,2025-12-21,1.0,296.0
SHP0288,PT Baja Sentra Mulia,Bandung,94.8,Truk,2025-07-10,2025-07-13,2025-07-15,2.0,456.0
SHP0289,PT Sumber Logam Sentosa,Semarang,322.7,Kereta,2025-09-24,2025-10-01,2025-10-01,0.0,1126.0
SHP0290,PT Sumber Logam Sentosa,Semarang,341.3,Kereta,2025-09-01,2025-09-08,,,904.0
SHP0291,PT Anugerah Teknik Logam,Palembang,638.8,Kereta,2026-01-13,2026-01-21,2026-01-24,3.0,1764.0
SHP0292,CV Komponen Presisi,Bandung,92.3,Truk,2025-12-21,2025-12-24,2025-12-26,2.0,324.0
SHP0293,PT Anugerah Teknik Logam,Palembang,484.4,Kereta,2025-08-21,2025-08-29,2025-08-31,2.0,1579.0
SHP0294,PT Metal Jaya Abadi,Cikarang,20.0,Truk,2025-03-17,2025-03-20,2025-03-20,0.0,175.0
SHP0295,PT Baja Nusantara,Surabaya,816.2,Kapal Laut,2025-07-25,2025-08-11,2025-08-19,8.0,1679.0
SHP0296,PT Cahaya Industri Logam,Bekasi,60.6,Truk,2025-03-11,2025-03-14,2025-03-14,0.0,492.0
SHP0297,PT Cahaya Industri Logam,Bekasi,32.5,Truk,2025-08-29,2025-09-01,2025-08-31,-1.0,124.0
SHP0298,PT Metal Jaya Abadi,Cikarang,50.6,Truk,2025-10-20,2025-10-23,2025-10-24,1.0,309.0
SHP0299,PT Baja Sentra Mulia,Bandung,75.7,Truk,2025-02-22,2025-02-25,2025-02-25,0.0,645.0
SHP0300,PT Global Komponen Indo,Makassar,1629.3,Kapal Laut,2025-02-13,2025-03-04,2025-03-07,3.0,5250.0
SHP0301,CV Presisi Utama,Batam,886.0,Kereta,2025-06-07,2025-06-16,2025-06-21,5.0,4034.0
SHP0302,PT Sumber Logam Sentosa,Semarang,438.3,Kereta,2025-04-19,2025-04-26,2025-04-27,1.0,2059.0
SHP0303,PT Baja Sentra Mulia,Bandung,135.7,Truk,2025-11-04,2025-11-07,2025-11-08,1.0,471.0
SHP0304,PT Metal Jaya Abadi,Cikarang,76.0,Truk,2025-06-07,2025-06-10,2025-06-10,0.0,323.0
SHP0305,PT Baja Sentra Mulia,Bandung,161.8,Truk,2025-10-22,2025-10-26,2025-10-26,0.0,924.0
SHP0306,PT Anugerah Teknik Logam,Palembang,552.7,Truk,2025-12-27,2026-01-01,2026-01-02,1.0,1923.0
SHP0307,PT Anugerah Teknik Logam,Palembang,529.0,Kereta,2025-05-30,2025-06-07,2025-06-06,-1.0,2341.0
SHP0308,PT Baja Sentra Mulia,Bandung,139.3,Truk,2025-06-01,2025-06-04,2025-06-05,1.0,859.0
SHP0309,PT Metal Jaya Abadi,Cikarang,45.2,Truk,2025-10-27,2025-10-30,2025-11-01,2.0,50.0
SHP0310,CV Karya Teknik Mandiri,Medan,1531.6,Kapal Laut,2025-12-27,2026-01-15,2026-01-17,2.0,4883.0
SHP0311,PT Cahaya Industri Logam,Bekasi,32.8,Truk,2025-07-25,2025-07-28,2025-07-28,0.0,241.0
SHP0312,CV Presisi Utama,Batam,912.6,Kapal Laut,2025-12-31,2026-01-17,2026-01-18,1.0,2832.0
SHP0313,CV Komponen Presisi,Bandung,104.5,Truk,2025-04-16,2025-04-19,2025-04-18,-1.0,286.0
SHP0314,PT Baja Sentra Mulia,Bandung,124.2,Truk,2025-10-25,2025-10-28,2025-10-28,0.0,997.0
SHP0315,CV Karya Teknik Mandiri,Medan,1159.0,Kapal Laut,2025-12-02,2025-12-20,2025-12-25,5.0,4315.0
SHP0316,PT Global Komponen Indo,Makassar,1449.2,Kereta,2025-10-31,2025-11-11,,,6948.0
SHP0317,PT Global Komponen Indo,Makassar,1626.6,Kapal Laut,2025-03-10,2025-03-29,2025-03-28,-1.0,4735.0
SHP0318,CV Karya Teknik Mandiri,Medan,1500.8,Kapal Laut,2025-03-16,2025-04-04,2025-04-07,3.0,3818.0
SHP0319,PT Cahaya Industri Logam,Bekasi,47.5,Truk,2025-03-15,2025-03-18,,,303.0
SHP0320,PT Anugerah Teknik Logam,Palembang,593.8,Truk,2025-02-08,2025-02-13,2025-02-14,1.0,3089.0
SHP0321,CV Karya Teknik Mandiri,Medan,1404.4,Kapal Laut,2025-07-13,2025-08-01,2025-08-07,6.0,4682.0
SHP0322,CV Karya Teknik Mandiri,Medan,1360.5,Kapal Laut,2025-09-24,2025-10-13,2025-10-10,-3.0,3645.0
SHP0323,PT Global Komponen Indo,Makassar,1499.3,Kapal Laut,2025-07-15,2025-08-03,2025-08-07,4.0,4425.0
SHP0324,PT Metal Jaya Abadi,Cikarang,51.2,Truk,2025-12-26,2025-12-29,,,274.0
SHP0325,PT Baja Nusantara,Surabaya,712.9,Kapal Laut,2025-08-08,2025-08-24,2025-08-24,0.0,2277.0
SHP0326,PT Metal Jaya Abadi,Cikarang,42.9,Truk,2025-02-06,2025-02-09,2025-02-09,0.0,225.0
SHP0327,PT Baja Nusantara,Surabaya,620.2,Truk,2025-03-14,2025-03-19,2025-03-19,0.0,2495.0
SHP0328,CV Presisi Utama,Batam,990.6,Kereta,2026-01-30,2026-02-08,2026-02-10,2.0,4147.0
SHP0329,PT Cahaya Industri Logam,Bekasi,27.8,Truk,2025-09-30,2025-10-03,2025-10-02,-1.0,50.0
SHP0330,PT Sumber Logam Sentosa,Semarang,356.5,Truk,2025-08-29,2025-09-02,2025-09-01,-1.0,1577.0
SHP0331,CV Karya Teknik Mandiri,Medan,1535.1,Kapal Laut,2025-06-01,2025-06-20,2025-06-17,-3.0,5759.0
SHP0332,CV Komponen Presisi,Bandung,105.9,Truk,2025-09-30,2025-10-03,2025-10-02,-1.0,478.0
SHP0333,PT Global Komponen Indo,Makassar,2048.0,Kapal Laut,2025-08-04,2025-08-25,2025-08-25,0.0,6791.0
SHP0334,CV Presisi Utama,Batam,1090.1,Kapal Laut,2026-01-15,2026-02-02,2026-01-28,-5.0,2488.0
SHP0335,PT Anugerah Teknik Logam,Palembang,929.0,Kapal Laut,2025-08-30,2025-09-16,2025-09-16,0.0,3401.0
SHP0336,PT Metal Jaya Abadi,Cikarang,57.0,Truk,2025-04-12,2025-04-15,2025-04-15,0.0,261.0
SHP0337,PT Sumber Logam Sentosa,Semarang,449.7,Kereta,2025-03-17,2025-03-24,2025-03-25,1.0,2256.0
SHP0338,PT Metal Jaya Abadi,Cikarang,94.9,Truk,2025-04-22,2025-04-25,2025-04-27,2.0,411.0
SHP0339,CV Komponen Presisi,Bandung,112.4,Truk,2025-07-26,2025-07-29,2025-07-30,1.0,788.0
SHP0340,PT Metal Jaya Abadi,Cikarang,37.5,Truk,2025-03-24,2025-03-27,2025-03-28,1.0,237.0
SHP0341,PT Metal Jaya Abadi,Cikarang,61.3,Truk,2025-08-20,2025-08-23,2025-08-24,1.0,357.0
SHP0342,PT Baja Nusantara,Surabaya,547.6,Truk,2025-06-05,2025-06-10,,,3003.0
SHP0343,PT Global Komponen Indo,Makassar,1524.7,Kapal Laut,2025-06-01,2025-06-20,2025-06-22,2.0,4460.0
SHP0344,PT Sumber Logam Sentosa,Semarang,517.0,Kereta,2025-04-23,2025-05-01,2025-05-01,0.0,1406.0
SHP0345,CV Presisi Utama,Batam,1080.8,Kapal Laut,2025-04-09,2025-04-27,2025-05-03,6.0,2120.0
SHP0346,PT Sumber Logam Sentosa,Semarang,486.2,Truk,2025-09-04,2025-09-09,2025-09-09,0.0,1885.0
SHP0347,PT Metal Jaya Abadi,Cikarang,49.1,Truk,2025-08-26,2025-08-29,2025-08-30,1.0,321.0
SHP0348,CV Karya Teknik Mandiri,Medan,1301.6,Kereta,2025-08-28,2025-09-07,2025-09-07,0.0,3811.0
SHP0349,CV Presisi Utama,Batam,714.6,Kapal Laut,2026-01-23,2026-02-08,2026-02-10,2.0,2214.0
SHP0350,CV Karya Teknik Mandiri,Medan,1383.5,Kapal Laut,2025-03-08,2025-03-27,2025-04-01,5.0,4320.0
SHP0351,PT Metal Jaya Abadi,Cikarang,43.1,Truk,2025-05-10,2025-05-13,2025-05-12,-1.0,226.0
SHP0352,CV Karya Teknik Mandiri,Medan,1593.4,Kapal Laut,2026-01-07,2026-01-26,2026-01-27,1.0,6112.0
SHP0353,PT Metal Jaya Abadi,Cikarang,83.6,Truk,2025-02-24,2025-02-27,2025-02-27,0.0,428.0
SHP0354,CV Karya Teknik Mandiri,Medan,1227.2,Kapal Laut,2025-03-12,2025-03-30,2025-04-01,2.0,3837.0
SHP0355,CV Presisi Utama,Batam,817.4,Kapal Laut,2025-10-10,2025-10-27,2025-10-24,-3.0,2334.0
SHP0356,PT Cahaya Industri Logam,Bekasi,36.4,Truk,2025-06-02,2025-06-05,2025-06-06,1.0,234.0
SHP0357,PT Anugerah Teknik Logam,Palembang,707.9,Kapal Laut,2025-12-16,2026-01-01,2026-01-05,4.0,2147.0
SHP0358,CV Komponen Presisi,Bandung,146.7,Truk,2025-02-22,2025-02-25,2025-02-26,1.0,759.0
SHP0359,CV Presisi Utama,Batam,919.2,Kapal Laut,2025-04-05,2025-04-22,2025-04-27,5.0,1819.0
SHP0360,PT Anugerah Teknik Logam,Palembang,317.2,Kereta,2025-04-15,2025-04-22,2025-04-24,2.0,1227.0
SHP0361,PT Baja Nusantara,Surabaya,841.4,Kapal Laut,2025-10-18,2025-11-04,2025-11-08,4.0,2910.0
SHP0362,CV Presisi Utama,Batam,1067.5,Kapal Laut,2025-03-09,2025-03-27,2025-03-29,2.0,3292.0
SHP0363,PT Baja Nusantara,Surabaya,955.4,Kapal Laut,2025-04-05,2025-04-22,2025-04-22,0.0,2794.0
SHP0364,PT Anugerah Teknik Logam,Palembang,638.4,Truk,2025-10-02,2025-10-07,2025-10-05,-2.0,4500.0
SHP0365,PT Baja Sentra Mulia,Bandung,146.3,Truk,2025-04-25,2025-04-28,2025-05-01,3.0,643.0
SHP0366,CV Karya Teknik Mandiri,Medan,1604.1,Kapal Laut,2026-01-22,2026-02-10,,,3668.0
SHP0367,CV Komponen Presisi,Bandung,140.4,Truk,2025-02-11,2025-02-14,2025-02-14,0.0,914.0
SHP0368,CV Komponen Presisi,Bandung,145.6,Truk,2025-08-27,2025-08-30,2025-08-30,0.0,866.0
SHP0369,PT Metal Jaya Abadi,Cikarang,77.2,Truk,2025-06-16,2025-06-19,2025-06-21,2.0,511.0
SHP0370,PT Cahaya Industri Logam,Bekasi,39.3,Truk,2025-05-14,2025-05-17,2025-05-15,-2.0,110.0
SHP0371,CV Karya Teknik Mandiri,Medan,1818.3,Kereta,2025-05-31,2025-06-12,2025-06-16,4.0,5176.0
SHP0372,CV Presisi Utama,Batam,1078.7,Kereta,2025-11-06,2025-11-16,2025-11-18,2.0,5284.0
SHP0373,CV Komponen Presisi,Bandung,153.8,Truk,2025-05-01,2025-05-05,2025-05-05,0.0,689.0
SHP0374,CV Presisi Utama,Batam,947.8,Kapal Laut,2025-11-15,2025-12-02,2025-12-09,7.0,2102.0
SHP0375,PT Global Komponen Indo,Makassar,1575.1,Kapal Laut,2025-11-23,2025-12-12,2025-12-15,3.0,3601.0
SHP0376,PT Anugerah Teknik Logam,Palembang,753.9,Kapal Laut,2025-11-19,2025-12-06,,,2628.0
SHP0377,PT Anugerah Teknik Logam,Palembang,312.3,Kapal Laut,2025-06-29,2025-07-14,2025-07-17,3.0,554.0
SHP0378,PT Global Komponen Indo,Makassar,1565.9,Kapal Laut,2025-03-11,2025-03-30,,,4304.0
SHP0379,PT Cahaya Industri Logam,Bekasi,49.2,Truk,2026-01-02,2026-01-05,2026-01-05,0.0,183.0
SHP0380,PT Metal Jaya Abadi,Cikarang,58.2,Truk,2025-02-23,2025-02-26,2025-02-27,1.0,314.0
SHP0381,PT Cahaya Industri Logam,Bekasi,37.4,Truk,2025-08-19,2025-08-22,2025-08-23,1.0,50.0
SHP0382,PT Global Komponen Indo,Makassar,1515.9,Kapal Laut,2025-05-09,2025-05-28,2025-06-01,4.0,2946.0
SHP0383,PT Sumber Logam Sentosa,Semarang,386.8,Kereta,2025-03-09,2025-03-16,2025-03-21,5.0,1191.0
SHP0384,PT Cahaya Industri Logam,Bekasi,83.2,Truk,2025-02-04,2025-02-07,2025-02-08,1.0,566.0
SHP0385,PT Metal Jaya Abadi,Cikarang,64.3,Truk,2025-12-24,2025-12-27,2025-12-28,1.0,396.0
SHP0386,PT Baja Sentra Mulia,Bandung,159.8,Kereta,2025-02-18,2025-02-25,,,710.0
SHP0387,PT Metal Jaya Abadi,Cikarang,67.8,Truk,2025-10-22,2025-10-25,2025-10-26,1.0,234.0
SHP0388,PT Baja Sentra Mulia,Bandung,168.8,Truk,2025-06-24,2025-06-28,2025-06-29,1.0,1123.0
SHP0389,PT Baja Sentra Mulia,Bandung,179.5,Truk,2025-11-13,2025-11-17,2025-11-19,2.0,709.0
SHP0390,CV Karya Teknik Mandiri,Medan,1444.8,Kapal Laut,2025-12-21,2026-01-09,2026-01-09,0.0,3035.0
SHP0391,PT Metal Jaya Abadi,Cikarang,53.1,Truk,2025-04-03,2025-04-06,2025-04-07,1.0,199.0
SHP0392,CV Komponen Presisi,Bandung,102.8,Truk,2025-03-24,2025-03-27,2025-03-26,-1.0,420.0
SHP0393,CV Komponen Presisi,Bandung,87.5,Kereta,2026-01-19,2026-01-25,2026-01-29,4.0,350.0
SHP0394,CV Karya Teknik Mandiri,Medan,1365.1,Kapal Laut,2025-07-30,2025-08-18,2025-08-21,3.0,3473.0
SHP0395,CV Presisi Utama,Batam,973.7,Kapal Laut,2025-11-25,2025-12-12,2025-12-09,-3.0,3055.0
SHP0396,CV Karya Teknik Mandiri,Medan,990.5,Kapal Laut,2025-10-20,2025-11-06,2025-11-12,6.0,3400.0
SHP0397,PT Cahaya Industri Logam,Bekasi,73.0,Kereta,2025-11-09,2025-11-15,,,221.0
SHP0398,PT Cahaya Industri Logam,Bekasi,60.8,Truk,2025-12-07,2025-12-10,2025-12-09,-1.0,235.0
SHP0399,CV Presisi Utama,Batam,1137.6,Kapal Laut,2026-01-15,2026-02-02,2026-02-03,1.0,3415.0
SHP0400,PT Baja Sentra Mulia,Bandung,121.7,Truk,2025-08-15,2025-08-18,2025-08-18,0.0,413.0
SHP0401,PT Cahaya Industri Logam,Bekasi,51.6,Truk,2025-10-29,2025-11-01,2025-11-02,1.0,282.0
SHP0402,CV Presisi Utama,Batam,875.3,Kapal Laut,2026-01-20,2026-02-06,2026-02-06,0.0,2240.0
SHP0403,CV Presisi Utama,Batam,786.1,Kapal Laut,2025-05-16,2025-06-02,2025-06-04,2.0,2043.0
SHP0404,PT Metal Jaya Abadi,Cikarang,114.6,Truk,2025-10-31,2025-11-03,2025-11-04,1.0,472.0
SHP0405,PT Metal Jaya Abadi,Cikarang,44.2,Kereta,2025-06-02,2025-06-08,2025-06-08,0.0,178.0
SHP0406,PT Cahaya Industri Logam,Bekasi,103.6,Truk,2025-09-06,2025-09-09,2025-09-13,4.0,680.0
SHP0407,CV Presisi Utama,Batam,1186.4,Kapal Laut,2025-04-11,2025-04-29,2025-04-30,1.0,2436.0
SHP0408,PT Metal Jaya Abadi,Cikarang,20.8,Truk,2025-04-07,2025-04-10,2025-04-08,-2.0,50.0
SHP0409,PT Metal Jaya Abadi,Cikarang,27.5,Truk,2025-08-03,2025-08-06,2025-08-06,0.0,210.0
SHP0410,CV Komponen Presisi,Bandung,105.9,Truk,2025-03-15,2025-03-18,2025-03-18,0.0,418.0
SHP0411,CV Presisi Utama,Batam,1046.8,Kapal Laut,2026-01-23,2026-02-09,2026-02-13,4.0,3039.0
SHP0412,PT Baja Nusantara,Surabaya,684.4,Kapal Laut,2025-03-29,2025-04-14,2025-04-10,-4.0,2258.0
SHP0413,PT Global Komponen Indo,Makassar,1757.0,Kapal Laut,2026-01-18,2026-02-07,2026-02-09,2.0,4707.0
SHP0414,CV Komponen Presisi,Bandung,89.3,Truk,2025-09-25,2025-09-28,2025-09-28,0.0,503.0
SHP0415,PT Baja Sentra Mulia,Bandung,140.1,Truk,2025-12-31,2026-01-03,2026-01-02,-1.0,437.0
SHP0416,PT Baja Nusantara,Surabaya,811.5,Kapal Laut,2025-10-06,2025-10-23,2025-10-21,-2.0,3076.0
SHP0417,PT Baja Sentra Mulia,Bandung,151.6,Truk,2025-10-14,2025-10-18,2025-10-20,2.0,736.0
SHP0418,CV Komponen Presisi,Bandung,107.2,Truk,2025-03-30,2025-04-02,2025-04-03,1.0,602.0
SHP0419,PT Baja Nusantara,Surabaya,727.0,Kapal Laut,2026-01-09,2026-01-25,2026-01-31,6.0,2449.0
SHP0420,CV Komponen Presisi,Bandung,129.7,Truk,2025-04-22,2025-04-25,2025-04-25,0.0,535.0
SHP0421,CV Presisi Utama,Batam,1113.0,Kereta,2025-07-06,2025-07-16,2025-07-19,3.0,5845.0
SHP0422,PT Baja Nusantara,Surabaya,724.0,Kapal Laut,2025-10-25,2025-11-10,2025-11-11,1.0,1684.0
SHP0423,PT Global Komponen Indo,Makassar,1763.1,Kapal Laut,2025-09-16,2025-10-06,,,5160.0
SHP0424,PT Baja Sentra Mulia,Bandung,125.9,Kereta,2025-12-29,2026-01-04,2026-01-07,3.0,607.0
SHP0425,CV Karya Teknik Mandiri,Medan,1667.3,Kapal Laut,2025-06-03,2025-06-23,2025-06-23,0.0,5656.0
SHP0426,PT Metal Jaya Abadi,Cikarang,35.2,Truk,2025-06-07,2025-06-10,2025-06-08,-2.0,62.0
SHP0427,CV Komponen Presisi,Bandung,162.8,Truk,2026-01-22,2026-01-26,2026-01-27,1.0,588.0
SHP0428,CV Karya Teknik Mandiri,Medan,1502.8,Kapal Laut,2025-02-24,2025-03-15,2025-03-26,11.0,4309.0
SHP0429,PT Baja Sentra Mulia,Bandung,158.0,Truk,2025-02-19,2025-02-23,2025-02-24,1.0,915.0
SHP0430,PT Baja Sentra Mulia,Bandung,122.8,Truk,2025-11-03,2025-11-06,2025-11-06,0.0,699.0
SHP0431,CV Komponen Presisi,Bandung,134.0,Truk,2025-09-11,2025-09-14,2025-09-14,0.0,609.0
SHP0432,PT Baja Sentra Mulia,Bandung,111.2,Truk,2025-05-02,2025-05-05,2025-05-06,1.0,622.0
SHP0433,PT Baja Sentra Mulia,Bandung,168.1,Truk,2025-04-06,2025-04-10,2025-04-09,-1.0,1017.0
SHP0434,PT Baja Nusantara,Surabaya,625.7,Kereta,2025-09-19,2025-09-27,2025-09-28,1.0,3121.0
SHP0435,PT Sumber Logam Sentosa,Semarang,384.9,Truk,2025-09-05,2025-09-09,2025-09-11,2.0,2048.0
SHP0436,PT Baja Nusantara,Surabaya,802.4,Kereta,2025-10-10,2025-10-19,2025-10-18,-1.0,4155.0
SHP0437,PT Anugerah Teknik Logam,Palembang,669.5,Kereta,2025-10-16,2025-10-24,2025-10-27,3.0,2709.0
SHP0438,PT Anugerah Teknik Logam,Palembang,566.4,Kereta,2025-03-24,2025-04-01,2025-04-03,2.0,2503.0
SHP0439,PT Metal Jaya Abadi,Cikarang,67.2,Truk,2025-06-29,2025-07-02,2025-07-02,0.0,280.0
SHP0440,PT Cahaya Industri Logam,Bekasi,64.8,Truk,2025-09-04,2025-09-07,2025-09-08,1.0,273.0
SHP0441,CV Karya Teknik Mandiri,Medan,1195.7,Kapal Laut,2025-04-12,2025-04-30,2025-05-01,1.0,3579.0
SHP0442,CV Presisi Utama,Batam,744.7,Kapal Laut,2025-08-17,2025-09-02,2025-08-29,-4.0,1770.0
SHP0443,CV Karya Teknik Mandiri,Medan,1198.0,Kapal Laut,2025-12-02,2025-12-20,2025-12-22,2.0,3842.0
SHP0444,CV Presisi Utama,Batam,847.7,Kapal Laut,2025-12-22,2026-01-08,2026-01-11,3.0,2063.0
SHP0445,PT Baja Nusantara,Surabaya,766.1,Kapal Laut,2025-03-12,2025-03-29,2025-04-02,4.0,2855.0
SHP0446,CV Karya Teknik Mandiri,Medan,1533.6,Kereta,2025-04-10,2025-04-21,2025-04-25,4.0,7369.0
SHP0447,PT Baja Nusantara,Surabaya,707.4,Kapal Laut,2025-11-18,2025-12-04,2025-12-09,5.0,2086.0
SHP0448,CV Karya Teknik Mandiri,Medan,1416.6,Kereta,2025-08-05,2025-08-16,2025-08-17,1.0,4234.0
SHP0449,PT Cahaya Industri Logam,Bekasi,27.0,Truk,2025-02-06,2025-02-09,2025-02-09,0.0,180.0
SHP0450,PT Baja Nusantara,Surabaya,644.8,Kereta,2025-05-11,2025-05-19,2025-05-19,0.0,3168.0
SHP0451,CV Presisi Utama,Batam,870.8,Kapal Laut,2025-07-19,2025-08-05,2025-08-08,3.0,3175.0
SHP0452,PT Global Komponen Indo,Makassar,1687.1,Kereta,2025-08-08,2025-08-20,2025-08-20,0.0,5793.0
SHP0453,PT Cahaya Industri Logam,Bekasi,25.8,Truk,2025-04-20,2025-04-23,2025-04-22,-1.0,50.0
SHP0454,PT Cahaya Industri Logam,Bekasi,25.6,Truk,2025-02-07,2025-02-10,2025-02-10,0.0,110.0
SHP0455,CV Komponen Presisi,Bandung,92.1,Truk,2025-05-26,2025-05-29,2025-05-31,2.0,529.0
SHP0456,PT Baja Sentra Mulia,Bandung,164.7,Kereta,2025-07-19,2025-07-26,2025-07-27,1.0,565.0
SHP0457,PT Metal Jaya Abadi,Cikarang,49.7,Truk,2025-06-22,2025-06-25,2025-06-25,0.0,197.0
SHP0458,CV Komponen Presisi,Bandung,108.4,Truk,2025-08-15,2025-08-18,2025-08-18,0.0,855.0
SHP0459,CV Komponen Presisi,Bandung,133.1,Truk,2025-03-09,2025-03-12,2025-03-12,0.0,507.0
SHP0460,PT Cahaya Industri Logam,Bekasi,38.2,Truk,2025-03-03,2025-03-06,2025-03-06,0.0,74.0
SHP0461,PT Anugerah Teknik Logam,Palembang,654.5,Kereta,2025-10-16,2025-10-24,2025-10-24,0.0,2751.0
SHP0462,PT Anugerah Teknik Logam,Palembang,749.6,Kapal Laut,2025-08-25,2025-09-10,2025-09-08,-2.0,2287.0
SHP0463,PT Baja Nusantara,Surabaya,678.6,Truk,2025-08-31,2025-09-05,2025-09-05,0.0,2622.0
SHP0464,PT Global Komponen Indo,Makassar,1899.4,Kereta,2026-01-28,2026-02-09,2026-02-09,0.0,9860.0
SHP0465,PT Cahaya Industri Logam,Bekasi,55.2,Truk,2025-06-28,2025-07-01,2025-07-03,2.0,246.0
SHP0466,CV Karya Teknik Mandiri,Medan,1486.2,Kereta,2025-11-25,2025-12-06,2025-12-07,1.0,5946.0
SHP0467,PT Anugerah Teknik Logam,Palembang,578.8,Truk,2025-02-09,2025-02-14,2025-02-13,-1.0,2585.0
SHP0468,PT Sumber Logam Sentosa,Semarang,450.3,Kapal Laut,2025-06-06,2025-06-22,2025-06-24,2.0,1191.0
SHP0469,CV Komponen Presisi,Bandung,147.7,Truk,2025-10-29,2025-11-01,2025-11-01,0.0,694.0
SHP0470,PT Baja Sentra Mulia,Bandung,141.3,Truk,2025-11-21,2025-11-24,2025-11-26,2.0,786.0
SHP0471,PT Metal Jaya Abadi,Cikarang,91.6,Kereta,2026-01-30,2026-02-05,2026-02-04,-1.0,441.0
SHP0472,PT Anugerah Teknik Logam,Palembang,860.7,Kereta,2025-06-06,2025-06-15,2025-06-16,1.0,3952.0
SHP0473,PT Metal Jaya Abadi,Cikarang,62.6,Truk,2025-09-03,2025-09-06,2025-09-05,-1.0,392.0
SHP0474,PT Anugerah Teknik Logam,Palembang,736.5,Kapal Laut,2025-12-31,2026-01-16,2026-01-28,12.0,2289.0
SHP0475,CV Komponen Presisi,Bandung,93.9,Truk,2025-08-01,2025-08-04,2025-08-04,0.0,402.0
SHP0476,PT Anugerah Teknik Logam,Palembang,553.9,Truk,2025-03-22,2025-03-27,2025-03-27,0.0,2706.0
SHP0477,PT Metal Jaya Abadi,Cikarang,65.9,Kereta,2026-01-19,2026-01-25,2026-01-30,5.0,268.0
SHP0478,PT Baja Nusantara,Surabaya,596.3,Truk,2025-12-03,2025-12-08,2025-12-12,4.0,2326.0
SHP0479,CV Karya Teknik Mandiri,Medan,1684.9,Kereta,2025-03-22,2025-04-03,2025-04-03,0.0,8642.0
SHP0480,CV Presisi Utama,Batam,591.4,Truk,2025-04-07,2025-04-12,2025-04-13,1.0,3823.0
SHP0481,PT Baja Nusantara,Surabaya,835.4,Kereta,2025-02-01,2025-02-10,2025-02-15,5.0,2799.0
SHP0482,PT Baja Sentra Mulia,Bandung,147.9,Truk,2025-04-20,2025-04-23,2025-04-23,0.0,851.0
SHP0483,PT Metal Jaya Abadi,Cikarang,51.4,Truk,2025-08-14,2025-08-17,2025-08-18,1.0,123.0
SHP0484,PT Sumber Logam Sentosa,Semarang,472.3,Kereta,2025-12-13,2025-12-21,2025-12-20,-1.0,1860.0
SHP0485,CV Komponen Presisi,Bandung,161.6,Kereta,2025-06-30,2025-07-07,2025-07-06,-1.0,705.0
SHP0486,PT Baja Nusantara,Surabaya,697.0,Kapal Laut,2025-11-23,2025-12-09,2025-12-11,2.0,1996.0
SHP0487,CV Karya Teknik Mandiri,Medan,1306.6,Kapal Laut,2025-09-21,2025-10-09,2025-10-10,1.0,3983.0
SHP0488,PT Metal Jaya Abadi,Cikarang,66.5,Truk,2025-11-02,2025-11-05,2025-11-04,-1.0,410.0
SHP0489,CV Komponen Presisi,Bandung,127.2,Truk,2025-03-05,2025-03-08,2025-03-09,1.0,929.0
SHP0490,PT Baja Sentra Mulia,Bandung,182.1,Truk,2025-09-29,2025-10-03,2025-10-02,-1.0,1182.0
SHP0491,CV Komponen Presisi,Bandung,91.3,Truk,2025-10-24,2025-10-27,2025-10-27,0.0,666.0
SHP0492,PT Global Komponen Indo,Makassar,1487.0,Kapal Laut,2025-02-26,2025-03-17,2025-03-25,8.0,5366.0
SHP0493,PT Anugerah Teknik Logam,Palembang,682.3,Truk,2025-07-16,2025-07-21,,,2521.0
SHP0494,CV Presisi Utama,Batam,1108.4,Kapal Laut,2025-08-10,2025-08-28,2025-09-02,5.0,4089.0
SHP0495,PT Baja Sentra Mulia,Bandung,137.8,Truk,2026-01-29,2026-02-01,,,714.0
SHP0496,CV Komponen Presisi,Bandung,124.0,Truk,2025-06-28,2025-07-01,2025-07-02,1.0,511.0
SHP0497,CV Komponen Presisi,Bandung,106.1,Truk,2025-04-26,2025-04-29,2025-04-28,-1.0,767.0
SHP0498,PT Baja Nusantara,Surabaya,907.9,Kapal Laut,2025-12-25,2026-01-11,2026-01-13,2.0,1842.0
SHP0499,CV Presisi Utama,Batam,913.0,Kapal Laut,2025-08-05,2025-08-22,2025-08-19,-3.0,1952.0
SHP0500,CV Komponen Presisi,Bandung,144.7,Truk,2025-09-17,2025-09-20,,,671.0
SHP0501,PT Anugerah Teknik Logam,Palembang,580.0,Kapal Laut,2025-02-26,2025-03-14,2025-03-14,0.0,1303.0
SHP0502,CV Presisi Utama,Batam,1002.7,Kereta,2025-05-01,2025-05-10,2025-05-12,2.0,3958.0
SHP0503,CV Karya Teknik Mandiri,Medan,1548.1,Kapal Laut,2025-11-22,2025-12-11,2025-12-22,11.0,4194.0
SHP0504,PT Sumber Logam Sentosa,Semarang,350.5,Kereta,2025-04-14,2025-04-21,2025-04-22,1.0,1721.0
SHP0505,CV Presisi Utama,Batam,886.2,Kapal Laut,2025-07-10,2025-07-27,2025-07-30,3.0,2698.0
SHP0506,PT Cahaya Industri Logam,Bekasi,29.3,Truk,2025-07-20,2025-07-23,2025-07-23,0.0,243.0
SHP0507,PT Cahaya Industri Logam,Bekasi,20.0,Truk,2025-11-28,2025-12-01,2025-12-01,0.0,216.0
SHP0508,PT Anugerah Teknik Logam,Palembang,582.3,Kereta,2025-04-09,2025-04-17,2025-04-17,0.0,2424.0
SHP0509,PT Sumber Logam Sentosa,Semarang,455.3,Kereta,2026-01-01,2026-01-09,2026-01-07,-2.0,2068.0
SHP0510,PT Sumber Logam Sentosa,Semarang,428.5,Truk,2025-12-07,2025-12-11,2025-12-10,-1.0,1798.0
SHP0511,CV Presisi Utama,Batam,1152.2,Kereta,2025-08-22,2025-09-01,2025-09-05,4.0,4114.0
SHP0512,CV Komponen Presisi,Bandung,142.9,Truk,2025-03-19,2025-03-22,2025-03-21,-1.0,983.0
SHP0513,PT Baja Nusantara,Surabaya,627.7,Truk,2025-11-09,2025-11-14,2025-11-15,1.0,3100.0
SHP0514,PT Metal Jaya Abadi,Cikarang,54.1,Truk,2026-01-06,2026-01-09,2026-01-08,-1.0,58.0
SHP0515,PT Baja Sentra Mulia,Bandung,191.4,Truk,2025-05-15,2025-05-19,2025-05-18,-1.0,964.0
SHP0516,CV Komponen Presisi,Bandung,160.5,Kereta,2025-11-24,2025-12-01,2025-12-04,3.0,545.0
SHP0517,PT Anugerah Teknik Logam,Palembang,472.9,Truk,2025-08-27,2025-09-01,2025-09-02,1.0,1704.0
SHP0518,PT Cahaya Industri Logam,Bekasi,42.1,Truk,2025-06-30,2025-07-03,2025-07-03,0.0,326.0
SHP0519,CV Karya Teknik Mandiri,Medan,1618.3,Kapal Laut,2025-02-17,2025-03-08,2025-03-13,5.0,4664.0
SHP0520,PT Cahaya Industri Logam,Bekasi,69.5,Kereta,2025-03-31,2025-04-06,2025-04-11,5.0,111.0
